/hello/world,GET
/user/:id/:authId,GET
/user/:id,GET
/api/rama,GET
/api/v1/user/1,GET
/api/v1/user/2,GET
/api/v1/user/3,GET
/api/v1/user/4,GET
/api/v1/user/5,GET
/api/v1/user/6,GET
/api/v1/user/7,GET
/api/v1/user/8,GET
/api/v1/user/9,GET
/api/v1/user/10,GET
/api/v1/user/11,GET
/api/v1/user/12,GET
/api/v1/user/13,GET
/api/v1/user/14,GET
/api/v1/user/15,GET
/api/v1/user/16,GET
/api/v1/user/17,GET
/api/v1/user/18,GET
/api/v1/user/19,GET
/api/v1/user/20,GET
/api/v1/user/21,GET
/api/v1/user/22,GET
/api/v1/user/23,GET
/api/v1/user/24,GET
/api/v1/user/25,GET
/api/v1/user/26,GET
/api/v1/user/27,GET
/api/v1/user/28,GET
/api/v1/user/29,GET
/api/v1/user/30,GET
/api/v1/user/31,GET
/api/v1/user/32,GET
/api/v1/user/33,GET
/api/v1/user/34,GET
/api/v1/user/35,GET
/api/v1/user/36,GET
/api/v1/user/37,GET
/api/v1/user/38,GET
/api/v1/user/39,GET
/api/v1/user/40,GET
/api/v1/user/41,GET
/api/v1/user/42,GET
/api/v1/user/43,GET
/api/v1/user/44,GET
/api/v1/user/45,GET
/api/v1/user/46,GET
/api/v1/user/47,GET
/api/v1/user/48,GET
/api/v1/user/49,GET
/api/v1/user/50,GET
/api/v1/user/51,GET
/api/v1/user/52,GET
/api/v1/user/53,GET
/api/v1/user/54,GET
/api/v1/user/55,GET
/api/v1/user/56,GET
/api/v1/user/57,GET
/api/v1/user/58,GET
/api/v1/user/59,GET
/api/v1/user/60,GET
/api/v1/user/61,GET
/api/v1/user/62,GET
/api/v1/user/63,GET
/api/v1/user/64,GET
/api/v1/user/65,GET
/api/v1/user/66,GET
/api/v1/user/67,GET
/api/v1/user/68,GET
/api/v1/user/69,GET
/api/v1/user/70,GET
/api/v1/user/71,GET
/api/v1/user/72,GET
/api/v1/user/73,GET
/api/v1/user/74,GET
/api/v1/user/75,GET
/api/v1/user/76,GET
/api/v1/user/77,GET
/api/v1/user/78,GET
/api/v1/user/79,GET
/api/v1/user/80,GET
/api/v1/user/81,GET
/api/v1/user/82,GET
/api/v1/user/83,GET
/api/v1/user/84,GET
/api/v1/user/85,GET
/api/v1/user/86,GET
/api/v1/user/87,GET
/api/v1/user/88,GET
/api/v1/user/89,GET
/api/v1/user/90,GET
/api/v1/user/91,GET
/api/v1/user/92,GET
/api/v1/user/93,GET
/api/v1/user/94,GET
/api/v1/user/95,GET
/api/v1/user/96,GET
/api/v1/user/97,GET
/api/v1/user/98,GET
/api/v1/user/99,GET
/api/v1/user/100,GET
/api/v1/user/101,GET
/api/v1/user/102,GET
/api/v1/user/103,GET
/api/v1/user/104,GET
/api/v1/user/105,GET
/api/v1/user/106,GET
/api/v1/user/107,GET
/api/v1/user/108,GET
/api/v1/user/109,GET
/api/v1/user/110,GET
/api/v1/user/111,GET
/api/v1/user/112,GET
/api/v1/user/113,GET
/api/v1/user/114,GET
/api/v1/user/115,GET
/api/v1/user/116,GET
/api/v1/user/117,GET
/api/v1/user/118,GET
/api/v1/user/119,GET
/api/v1/user/120,GET
/api/v1/user/121,GET
/api/v1/user/122,GET
/api/v1/user/123,GET
/api/v1/user/124,GET
/api/v1/user/125,GET
/api/v1/user/126,GET
/api/v1/user/127,GET
/api/v1/user/128,GET
/api/v1/user/129,GET
/api/v1/user/130,GET
/api/v1/user/131,GET
/api/v1/user/132,GET
/api/v1/user/133,GET
/api/v1/user/134,GET
/api/v1/user/135,GET
/api/v1/user/136,GET
/api/v1/user/137,GET
/api/v1/user/138,GET
/api/v1/user/139,GET
/api/v1/user/140,GET
/api/v1/user/141,GET
/api/v1/user/142,GET
/api/v1/user/143,GET
/api/v1/user/144,GET
/api/v1/user/145,GET
/api/v1/user/146,GET
/api/v1/user/147,GET
/api/v1/user/148,GET
/api/v1/user/149,GET
/api/v1/user/150,GET
/api/v1/user/151,GET
/api/v1/user/152,GET
/api/v1/user/153,GET
/api/v1/user/154,GET
/api/v1/user/155,GET
/api/v1/user/156,GET
/api/v1/user/157,GET
/api/v1/user/158,GET
/api/v1/user/159,GET
/api/v1/user/160,GET
/api/v1/user/161,GET
/api/v1/user/162,GET
/api/v1/user/163,GET
/api/v1/user/164,GET
/api/v1/user/165,GET
/api/v1/user/166,GET
/api/v1/user/167,GET
/api/v1/user/168,GET
/api/v1/user/169,GET
/api/v1/user/170,GET
/api/v1/user/171,GET
/api/v1/user/172,GET
/api/v1/user/173,GET
/api/v1/user/174,GET
/api/v1/user/175,GET
/api/v1/user/176,GET
/api/v1/user/177,GET
/api/v1/user/178,GET
/api/v1/user/179,GET
/api/v1/user/180,GET
/api/v1/user/181,GET
/api/v1/user/182,GET
/api/v1/user/183,GET
/api/v1/user/184,GET
/api/v1/user/185,GET
/api/v1/user/186,GET
/api/v1/user/187,GET
/api/v1/user/188,GET
/api/v1/user/189,GET
/api/v1/user/190,GET
/api/v1/user/191,GET
/api/v1/user/192,GET
/api/v1/user/193,GET
/api/v1/user/194,GET
/api/v1/user/195,GET
/api/v1/user/196,GET
/api/v1/user/197,GET
/api/v1/user/198,GET
/api/v1/user/199,GET
/api/v1/user/200,GET
/api/v1/user/201,GET
/api/v1/user/202,GET
/api/v1/user/203,GET
/api/v1/user/204,GET
/api/v1/user/205,GET
/api/v1/user/206,GET
/api/v1/user/207,GET
/api/v1/user/208,GET
/api/v1/user/209,GET
/api/v1/user/210,GET
/api/v1/user/211,GET
/api/v1/user/212,GET
/api/v1/user/213,GET
/api/v1/user/214,GET
/api/v1/user/215,GET
/api/v1/user/216,GET
/api/v1/user/217,GET
/api/v1/user/218,GET
/api/v1/user/219,GET
/api/v1/user/220,GET
/api/v1/user/221,GET
/api/v1/user/222,GET
/api/v1/user/223,GET
/api/v1/user/224,GET
/api/v1/user/225,GET
/api/v1/user/226,GET
/api/v1/user/227,GET
/api/v1/user/228,GET
/api/v1/user/229,GET
/api/v1/user/230,GET
/api/v1/user/231,GET
/api/v1/user/232,GET
/api/v1/user/233,GET
/api/v1/user/234,GET
/api/v1/user/235,GET
/api/v1/user/236,GET
/api/v1/user/237,GET
/api/v1/user/238,GET
/api/v1/user/239,GET
/api/v1/user/240,GET
/api/v1/user/241,GET
/api/v1/user/242,GET
/api/v1/user/243,GET
/api/v1/user/244,GET
/api/v1/user/245,GET
/api/v1/user/246,GET
/api/v1/user/247,GET
/api/v1/user/248,GET
/api/v1/user/249,GET
/api/v1/user/250,GET
/api/v1/user/251,GET
/api/v1/user/252,GET
/api/v1/user/253,GET
/api/v1/user/254,GET
/api/v1/user/255,GET
/api/v1/user/256,GET
/api/v1/user/257,GET
/api/v1/user/258,GET
/api/v1/user/259,GET
/api/v1/user/260,GET
/api/v1/user/261,GET
/api/v1/user/262,GET
/api/v1/user/263,GET
/api/v1/user/264,GET
/api/v1/user/265,GET
/api/v1/user/266,GET
/api/v1/user/267,GET
/api/v1/user/268,GET
/api/v1/user/269,GET
/api/v1/user/270,GET
/api/v1/user/271,GET
/api/v1/user/272,GET
/api/v1/user/273,GET
/api/v1/user/274,GET
/api/v1/user/275,GET
/api/v1/user/276,GET
/api/v1/user/277,GET
/api/v1/user/278,GET
/api/v1/user/279,GET
/api/v1/user/280,GET
/api/v1/user/281,GET
/api/v1/user/282,GET
/api/v1/user/283,GET
/api/v1/user/284,GET
/api/v1/user/285,GET
/api/v1/user/286,GET
/api/v1/user/287,GET
/api/v1/user/288,GET
/api/v1/user/289,GET
/api/v1/user/290,GET
/api/v1/user/291,GET
/api/v1/user/292,GET
/api/v1/user/293,GET
/api/v1/user/294,GET
/api/v1/user/295,GET
/api/v1/user/296,GET
/api/v1/user/297,GET
/api/v1/user/298,GET
/api/v1/user/299,GET
/api/v1/user/300,GET
/api/v1/user/301,GET
/api/v1/user/302,GET
/api/v1/user/303,GET
/api/v1/user/304,GET
/api/v1/user/305,GET
/api/v1/user/306,GET
/api/v1/user/307,GET
/api/v1/user/308,GET
/api/v1/user/309,GET
/api/v1/user/310,GET
/api/v1/user/311,GET
/api/v1/user/312,GET
/api/v1/user/313,GET
/api/v1/user/314,GET
/api/v1/user/315,GET
/api/v1/user/316,GET
/api/v1/user/317,GET
/api/v1/user/318,GET
/api/v1/user/319,GET
/api/v1/user/320,GET
/api/v1/user/321,GET
/api/v1/user/322,GET
/api/v1/user/323,GET
/api/v1/user/324,GET
/api/v1/user/325,GET
/api/v1/user/326,GET
/api/v1/user/327,GET
/api/v1/user/328,GET
/api/v1/user/329,GET
/api/v1/user/330,GET
/api/v1/user/331,GET
/api/v1/user/332,GET
/api/v1/user/333,GET
/api/v1/user/334,GET
/api/v1/user/335,GET
/api/v1/user/336,GET
/api/v1/user/337,GET
/api/v1/user/338,GET
/api/v1/user/339,GET
/api/v1/user/340,GET
/api/v1/user/341,GET
/api/v1/user/342,GET
/api/v1/user/343,GET
/api/v1/user/344,GET
/api/v1/user/345,GET
/api/v1/user/346,GET
/api/v1/user/347,GET
/api/v1/user/348,GET
/api/v1/user/349,GET
/api/v1/user/350,GET
/api/v1/user/351,GET
/api/v1/user/352,GET
/api/v1/user/353,GET
/api/v1/user/354,GET
/api/v1/user/355,GET
/api/v1/user/356,GET
/api/v1/user/357,GET
/api/v1/user/358,GET
/api/v1/user/359,GET
/api/v1/user/360,GET
/api/v1/user/361,GET
/api/v1/user/362,GET
/api/v1/user/363,GET
/api/v1/user/364,GET
/api/v1/user/365,GET
/api/v1/user/366,GET
/api/v1/user/367,GET
/api/v1/user/368,GET
/api/v1/user/369,GET
/api/v1/user/370,GET
/api/v1/user/371,GET
/api/v1/user/372,GET
/api/v1/user/373,GET
/api/v1/user/374,GET
/api/v1/user/375,GET
/api/v1/user/376,GET
/api/v1/user/377,GET
/api/v1/user/378,GET
/api/v1/user/379,GET
/api/v1/user/380,GET
/api/v1/user/381,GET
/api/v1/user/382,GET
/api/v1/user/383,GET
/api/v1/user/384,GET
/api/v1/user/385,GET
/api/v1/user/386,GET
/api/v1/user/387,GET
/api/v1/user/388,GET
/api/v1/user/389,GET
/api/v1/user/390,GET
/api/v1/user/391,GET
/api/v1/user/392,GET
/api/v1/user/393,GET
/api/v1/user/394,GET
/api/v1/user/395,GET
/api/v1/user/396,GET
/api/v1/user/397,GET
/api/v1/user/398,GET
/api/v1/user/399,GET
/api/v1/user/400,GET
/api/v1/user/401,GET
/api/v1/user/402,GET
/api/v1/user/403,GET
/api/v1/user/404,GET
/api/v1/user/405,GET
/api/v1/user/406,GET
/api/v1/user/407,GET
/api/v1/user/408,GET
/api/v1/user/409,GET
/api/v1/user/410,GET
/api/v1/user/411,GET
/api/v1/user/412,GET
/api/v1/user/413,GET
/api/v1/user/414,GET
/api/v1/user/415,GET
/api/v1/user/416,GET
/api/v1/user/417,GET
/api/v1/user/418,GET
/api/v1/user/419,GET
/api/v1/user/420,GET
/api/v1/user/421,GET
/api/v1/user/422,GET
/api/v1/user/423,GET
/api/v1/user/424,GET
/api/v1/user/425,GET
/api/v1/user/426,GET
/api/v1/user/427,GET
/api/v1/user/428,GET
/api/v1/user/429,GET
/api/v1/user/430,GET
/api/v1/user/431,GET
/api/v1/user/432,GET
/api/v1/user/433,GET
/api/v1/user/434,GET
/api/v1/user/435,GET
/api/v1/user/436,GET
/api/v1/user/437,GET
/api/v1/user/438,GET
/api/v1/user/439,GET
/api/v1/user/440,GET
/api/v1/user/441,GET
/api/v1/user/442,GET
/api/v1/user/443,GET
/api/v1/user/444,GET
/api/v1/user/445,GET
/api/v1/user/446,GET
/api/v1/user/447,GET
/api/v1/user/448,GET
/api/v1/user/449,GET
/api/v1/user/450,GET
/api/v1/user/451,GET
/api/v1/user/452,GET
/api/v1/user/453,GET
/api/v1/user/454,GET
/api/v1/user/455,GET
/api/v1/user/456,GET
/api/v1/user/457,GET
/api/v1/user/458,GET
/api/v1/user/459,GET
/api/v1/user/460,GET
/api/v1/user/461,GET
/api/v1/user/462,GET
/api/v1/user/463,GET
/api/v1/user/464,GET
/api/v1/user/465,GET
/api/v1/user/466,GET
/api/v1/user/467,GET
/api/v1/user/468,GET
/api/v1/user/469,GET
/api/v1/user/470,GET
/api/v1/user/471,GET
/api/v1/user/472,GET
/api/v1/user/473,GET
/api/v1/user/474,GET
/api/v1/user/475,GET
/api/v1/user/476,GET
/api/v1/user/477,GET
/api/v1/user/478,GET
/api/v1/user/479,GET
/api/v1/user/480,GET
/api/v1/user/481,GET
/api/v1/user/482,GET
/api/v1/user/483,GET
/api/v1/user/484,GET
/api/v1/user/485,GET
/api/v1/user/486,GET
/api/v1/user/487,GET
/api/v1/user/488,GET
/api/v1/user/489,GET
/api/v1/user/490,GET
/api/v1/user/491,GET
/api/v1/user/492,GET
/api/v1/user/493,GET
/api/v1/user/494,GET
/api/v1/user/495,GET
/api/v1/user/496,GET
/api/v1/user/497,GET
/api/v1/user/498,GET
/api/v1/user/499,GET
/api/v1/user/500,GET
/api/v1/user/501,GET
/api/v1/user/502,GET
/api/v1/user/503,GET
/api/v1/user/504,GET
/api/v1/user/505,GET
/api/v1/user/506,GET
/api/v1/user/507,GET
/api/v1/user/508,GET
/api/v1/user/509,GET
/api/v1/user/510,GET
/api/v1/user/511,GET
/api/v1/user/512,GET
/api/v1/user/513,GET
/api/v1/user/514,GET
/api/v1/user/515,GET
/api/v1/user/516,GET
/api/v1/user/517,GET
/api/v1/user/518,GET
/api/v1/user/519,GET
/api/v1/user/520,GET
/api/v1/user/521,GET
/api/v1/user/522,GET
/api/v1/user/523,GET
/api/v1/user/524,GET
/api/v1/user/525,GET
/api/v1/user/526,GET
/api/v1/user/527,GET
/api/v1/user/528,GET
/api/v1/user/529,GET
/api/v1/user/530,GET
/api/v1/user/531,GET
/api/v1/user/532,GET
/api/v1/user/533,GET
/api/v1/user/534,GET
/api/v1/user/535,GET
/api/v1/user/536,GET
/api/v1/user/537,GET
/api/v1/user/538,GET
/api/v1/user/539,GET
/api/v1/user/540,GET
/api/v1/user/541,GET
/api/v1/user/542,GET
/api/v1/user/543,GET
/api/v1/user/544,GET
/api/v1/user/545,GET
/api/v1/user/546,GET
/api/v1/user/547,GET
/api/v1/user/548,GET
/api/v1/user/549,GET
/api/v1/user/550,GET
/api/v1/user/551,GET
/api/v1/user/552,GET
/api/v1/user/553,GET
/api/v1/user/554,GET
/api/v1/user/555,GET
/api/v1/user/556,GET
/api/v1/user/557,GET
/api/v1/user/558,GET
/api/v1/user/559,GET
/api/v1/user/560,GET
/api/v1/user/561,GET
/api/v1/user/562,GET
/api/v1/user/563,GET
/api/v1/user/564,GET
/api/v1/user/565,GET
/api/v1/user/566,GET
/api/v1/user/567,GET
/api/v1/user/568,GET
/api/v1/user/569,GET
/api/v1/user/570,GET
/api/v1/user/571,GET
/api/v1/user/572,GET
/api/v1/user/573,GET
/api/v1/user/574,GET
/api/v1/user/575,GET
/api/v1/user/576,GET
/api/v1/user/577,GET
/api/v1/user/578,GET
/api/v1/user/579,GET
/api/v1/user/580,GET
/api/v1/user/581,GET
/api/v1/user/582,GET
/api/v1/user/583,GET
/api/v1/user/584,GET
/api/v1/user/585,GET
/api/v1/user/586,GET
/api/v1/user/587,GET
/api/v1/user/588,GET
/api/v1/user/589,GET
/api/v1/user/590,GET
/api/v1/user/591,GET
/api/v1/user/592,GET
/api/v1/user/593,GET
/api/v1/user/594,GET
/api/v1/user/595,GET
/api/v1/user/596,GET
/api/v1/user/597,GET
/api/v1/user/598,GET
/api/v1/user/599,GET
/api/v1/user/600,GET
/api/v1/user/601,GET
/api/v1/user/602,GET
/api/v1/user/603,GET
/api/v1/user/604,GET
/api/v1/user/605,GET
/api/v1/user/606,GET
/api/v1/user/607,GET
/api/v1/user/608,GET
/api/v1/user/609,GET
/api/v1/user/610,GET
/api/v1/user/611,GET
/api/v1/user/612,GET
/api/v1/user/613,GET
/api/v1/user/614,GET
/api/v1/user/615,GET
/api/v1/user/616,GET
/api/v1/user/617,GET
/api/v1/user/618,GET
/api/v1/user/619,GET
/api/v1/user/620,GET
/api/v1/user/621,GET
/api/v1/user/622,GET
/api/v1/user/623,GET
/api/v1/user/624,GET
/api/v1/user/625,GET
/api/v1/user/626,GET
/api/v1/user/627,GET
/api/v1/user/628,GET
/api/v1/user/629,GET
/api/v1/user/630,GET
/api/v1/user/631,GET
/api/v1/user/632,GET
/api/v1/user/633,GET
/api/v1/user/634,GET
/api/v1/user/635,GET
/api/v1/user/636,GET
/api/v1/user/637,GET
/api/v1/user/638,GET
/api/v1/user/639,GET
/api/v1/user/640,GET
/api/v1/user/641,GET
/api/v1/user/642,GET
/api/v1/user/643,GET
/api/v1/user/644,GET
/api/v1/user/645,GET
/api/v1/user/646,GET
/api/v1/user/647,GET
/api/v1/user/648,GET
/api/v1/user/649,GET
/api/v1/user/650,GET
/api/v1/user/651,GET
/api/v1/user/652,GET
/api/v1/user/653,GET
/api/v1/user/654,GET
/api/v1/user/655,GET
/api/v1/user/656,GET
/api/v1/user/657,GET
/api/v1/user/658,GET
/api/v1/user/659,GET
/api/v1/user/660,GET
/api/v1/user/661,GET
/api/v1/user/662,GET
/api/v1/user/663,GET
/api/v1/user/664,GET
/api/v1/user/665,GET
/api/v1/user/666,GET
/api/v1/user/667,GET
/api/v1/user/668,GET
/api/v1/user/669,GET
/api/v1/user/670,GET
/api/v1/user/671,GET
/api/v1/user/672,GET
/api/v1/user/673,GET
/api/v1/user/674,GET
/api/v1/user/675,GET
/api/v1/user/676,GET
/api/v1/user/677,GET
/api/v1/user/678,GET
/api/v1/user/679,GET
/api/v1/user/680,GET
/api/v1/user/681,GET
/api/v1/user/682,GET
/api/v1/user/683,GET
/api/v1/user/684,GET
/api/v1/user/685,GET
/api/v1/user/686,GET
/api/v1/user/687,GET
/api/v1/user/688,GET
/api/v1/user/689,GET
/api/v1/user/690,GET
/api/v1/user/691,GET
/api/v1/user/692,GET
/api/v1/user/693,GET
/api/v1/user/694,GET
/api/v1/user/695,GET
/api/v1/user/696,GET
/api/v1/user/697,GET
/api/v1/user/698,GET
/api/v1/user/699,GET
/api/v1/user/700,GET
/api/v1/user/701,GET
/api/v1/user/702,GET
/api/v1/user/703,GET
/api/v1/user/704,GET
/api/v1/user/705,GET
/api/v1/user/706,GET
/api/v1/user/707,GET
/api/v1/user/708,GET
/api/v1/user/709,GET
/api/v1/user/710,GET
/api/v1/user/711,GET
/api/v1/user/712,GET
/api/v1/user/713,GET
/api/v1/user/714,GET
/api/v1/user/715,GET
/api/v1/user/716,GET
/api/v1/user/717,GET
/api/v1/user/718,GET
/api/v1/user/719,GET
/api/v1/user/720,GET
/api/v1/user/721,GET
/api/v1/user/722,GET
/api/v1/user/723,GET
/api/v1/user/724,GET
/api/v1/user/725,GET
/api/v1/user/726,GET
/api/v1/user/727,GET
/api/v1/user/728,GET
/api/v1/user/729,GET
/api/v1/user/730,GET
/api/v1/user/731,GET
/api/v1/user/732,GET
/api/v1/user/733,GET
/api/v1/user/734,GET
/api/v1/user/735,GET
/api/v1/user/736,GET
/api/v1/user/737,GET
/api/v1/user/738,GET
/api/v1/user/739,GET
/api/v1/user/740,GET
/api/v1/user/741,GET
/api/v1/user/742,GET
/api/v1/user/743,GET
/api/v1/user/744,GET
/api/v1/user/745,GET
/api/v1/user/746,GET
/api/v1/user/747,GET
/api/v1/user/748,GET
/api/v1/user/749,GET
/api/v1/user/750,GET
/api/v1/user/751,GET
/api/v1/user/752,GET
/api/v1/user/753,GET
/api/v1/user/754,GET
/api/v1/user/755,GET
/api/v1/user/756,GET
/api/v1/user/757,GET
/api/v1/user/758,GET
/api/v1/user/759,GET
/api/v1/user/760,GET
/api/v1/user/761,GET
/api/v1/user/762,GET
/api/v1/user/763,GET
/api/v1/user/764,GET
/api/v1/user/765,GET
/api/v1/user/766,GET
/api/v1/user/767,GET
/api/v1/user/768,GET
/api/v1/user/769,GET
/api/v1/user/770,GET
/api/v1/user/771,GET
/api/v1/user/772,GET
/api/v1/user/773,GET
/api/v1/user/774,GET
/api/v1/user/775,GET
/api/v1/user/776,GET
/api/v1/user/777,GET
/api/v1/user/778,GET
/api/v1/user/779,GET
/api/v1/user/780,GET
/api/v1/user/781,GET
/api/v1/user/782,GET
/api/v1/user/783,GET
/api/v1/user/784,GET
/api/v1/user/785,GET
/api/v1/user/786,GET
/api/v1/user/787,GET
/api/v1/user/788,GET
/api/v1/user/789,GET
/api/v1/user/790,GET
/api/v1/user/791,GET
/api/v1/user/792,GET
/api/v1/user/793,GET
/api/v1/user/794,GET
/api/v1/user/795,GET
/api/v1/user/796,GET
/api/v1/user/797,GET
/api/v1/user/798,GET
/api/v1/user/799,GET
/api/v1/user/800,GET
/api/v1/user/801,GET
/api/v1/user/802,GET
/api/v1/user/803,GET
/api/v1/user/804,GET
/api/v1/user/805,GET
/api/v1/user/806,GET
/api/v1/user/807,GET
/api/v1/user/808,GET
/api/v1/user/809,GET
/api/v1/user/810,GET
/api/v1/user/811,GET
/api/v1/user/812,GET
/api/v1/user/813,GET
/api/v1/user/814,GET
/api/v1/user/815,GET
/api/v1/user/816,GET
/api/v1/user/817,GET
/api/v1/user/818,GET
/api/v1/user/819,GET
/api/v1/user/820,GET
/api/v1/user/821,GET
/api/v1/user/822,GET
/api/v1/user/823,GET
/api/v1/user/824,GET
/api/v1/user/825,GET
/api/v1/user/826,GET
/api/v1/user/827,GET
/api/v1/user/828,GET
/api/v1/user/829,GET
/api/v1/user/830,GET
/api/v1/user/831,GET
/api/v1/user/832,GET
/api/v1/user/833,GET
/api/v1/user/834,GET
/api/v1/user/835,GET
/api/v1/user/836,GET
/api/v1/user/837,GET
/api/v1/user/838,GET
/api/v1/user/839,GET
/api/v1/user/840,GET
/api/v1/user/841,GET
/api/v1/user/842,GET
/api/v1/user/843,GET
/api/v1/user/844,GET
/api/v1/user/845,GET
/api/v1/user/846,GET
/api/v1/user/847,GET
/api/v1/user/848,GET
/api/v1/user/849,GET
/api/v1/user/850,GET
/api/v1/user/851,GET
/api/v1/user/852,GET
/api/v1/user/853,GET
/api/v1/user/854,GET
/api/v1/user/855,GET
/api/v1/user/856,GET
/api/v1/user/857,GET
/api/v1/user/858,GET
/api/v1/user/859,GET
/api/v1/user/860,GET
/api/v1/user/861,GET
/api/v1/user/862,GET
/api/v1/user/863,GET
/api/v1/user/864,GET
/api/v1/user/865,GET
/api/v1/user/866,GET
/api/v1/user/867,GET
/api/v1/user/868,GET
/api/v1/user/869,GET
/api/v1/user/870,GET
/api/v1/user/871,GET
/api/v1/user/872,GET
/api/v1/user/873,GET
/api/v1/user/874,GET
/api/v1/user/875,GET
/api/v1/user/876,GET
/api/v1/user/877,GET
/api/v1/user/878,GET
/api/v1/user/879,GET
/api/v1/user/880,GET
/api/v1/user/881,GET
/api/v1/user/882,GET
/api/v1/user/883,GET
/api/v1/user/884,GET
/api/v1/user/885,GET
/api/v1/user/886,GET
/api/v1/user/887,GET
/api/v1/user/888,GET
/api/v1/user/889,GET
/api/v1/user/890,GET
/api/v1/user/891,GET
/api/v1/user/892,GET
/api/v1/user/893,GET
/api/v1/user/894,GET
/api/v1/user/895,GET
/api/v1/user/896,GET
/api/v1/user/897,GET
/api/v1/user/898,GET
/api/v1/user/899,GET
/api/v1/user/900,GET
/api/v1/user/901,GET
/api/v1/user/902,GET
/api/v1/user/903,GET
/api/v1/user/904,GET
/api/v1/user/905,GET
/api/v1/user/906,GET
/api/v1/user/907,GET
/api/v1/user/908,GET
/api/v1/user/909,GET
/api/v1/user/910,GET
/api/v1/user/911,GET
/api/v1/user/912,GET
/api/v1/user/913,GET
/api/v1/user/914,GET
/api/v1/user/915,GET
/api/v1/user/916,GET
/api/v1/user/917,GET
/api/v1/user/918,GET
/api/v1/user/919,GET
/api/v1/user/920,GET
/api/v1/user/921,GET
/api/v1/user/922,GET
/api/v1/user/923,GET
/api/v1/user/924,GET
/api/v1/user/925,GET
/api/v1/user/926,GET
/api/v1/user/927,GET
/api/v1/user/928,GET
/api/v1/user/929,GET
/api/v1/user/930,GET
/api/v1/user/931,GET
/api/v1/user/932,GET
/api/v1/user/933,GET
/api/v1/user/934,GET
/api/v1/user/935,GET
/api/v1/user/936,GET
/api/v1/user/937,GET
/api/v1/user/938,GET
/api/v1/user/939,GET
/api/v1/user/940,GET
/api/v1/user/941,GET
/api/v1/user/942,GET
/api/v1/user/943,GET
/api/v1/user/944,GET
/api/v1/user/945,GET
/api/v1/user/946,GET
/api/v1/user/947,GET
/api/v1/user/948,GET
/api/v1/user/949,GET
/api/v1/user/950,GET
/api/v1/user/951,GET
/api/v1/user/952,GET
/api/v1/user/953,GET
/api/v1/user/954,GET
/api/v1/user/955,GET
/api/v1/user/956,GET
/api/v1/user/957,GET
/api/v1/user/958,GET
/api/v1/user/959,GET
/api/v1/user/960,GET
/api/v1/user/961,GET
/api/v1/user/962,GET
/api/v1/user/963,GET
/api/v1/user/964,GET
/api/v1/user/965,GET
/api/v1/user/966,GET
/api/v1/user/967,GET
/api/v1/user/968,GET
/api/v1/user/969,GET
/api/v1/user/970,GET
/api/v1/user/971,GET
/api/v1/user/972,GET
/api/v1/user/973,GET
/api/v1/user/974,GET
/api/v1/user/975,GET
/api/v1/user/976,GET
/api/v1/user/977,GET
/api/v1/user/978,GET
/api/v1/user/979,GET
/api/v1/user/980,GET
/api/v1/user/981,GET
/api/v1/user/982,GET
/api/v1/user/983,GET
/api/v1/user/984,GET
/api/v1/user/985,GET
/api/v1/user/986,GET
/api/v1/user/987,GET
/api/v1/user/988,GET
/api/v1/user/989,GET
/api/v1/user/990,GET
/api/v1/user/991,GET
/api/v1/user/992,GET
/api/v1/user/993,GET
/api/v1/user/994,GET
/api/v1/user/995,GET
/api/v1/user/996,GET
/api/v1/user/997,GET
/api/v1/user/998,GET
/api/v1/user/999,GET
/api/v1/user/1000,GET
/api/v1/user,POST
/api/v1/user/get,GET
